id	first_name	last_name	email	gender	ip_address
1	Haslett	Twitchett	htwitchett0@vinaora.com	Male	23.110.161.201
2	Jarrett	Kipling	jkipling1@diigo.com	Male	255.61.30.31
3	Godfry	Lofts	glofts2@networksolutions.com	Male	159.80.17.5
4	Warden	Yegorchenkov	wyegorchenkov3@linkedin.com	Male	153.236.120.10
5	Cathe	Clarae	cclarae4@cbsnews.com	Female	2.182.47.24
6	Matthias	Kummerlowe	mkummerlowe5@wired.com	Male	84.165.184.149
7	Elysha	Edinborough	eedinborough6@wufoo.com	Female	75.117.116.10
8	Sarena	Placide	splacide7@nba.com	Female	153.116.7.204
9	Caz	Hoble	choble8@unicef.org	Male	12.12.13.40
10	Carline	Steet	csteet9@china.com.cn	Female	145.13.213.237
11	Filmer	Ware	fwarea@ucla.edu	Male	192.186.36.114
12	Chelsy	Forsdike	cforsdikeb@stanford.edu	Female	96.194.12.25
13	Yovonnda	Starten	ystartenc@bloglines.com	Female	182.13.74.16
14	Tedra	Dusting	tdustingd@twitter.com	Female	231.214.55.69
15	Boris	Callway	bcallwaye@harvard.edu	Male	234.50.40.253
16	Lynde	Artis	lartisf@constantcontact.com	Female	63.215.226.48
17	Jilli	Dabney	jdabneyg@kickstarter.com	Female	13.189.179.64
18	Derrik	Whitlaw	dwhitlawh@examiner.com	Male	36.247.73.190
19	Chrissy	Desporte	cdesportei@weebly.com	Male	181.229.63.177
20	Veradis	Kingston	vkingstonj@independent.co.uk	Female	101.167.247.128
21	Holmes	Bitcheno	hbitchenok@nature.com	Male	170.252.196.245
22	Claribel	Frediani	cfredianil@gravatar.com	Bigender	102.113.103.19
23	Wald	Wheowall	wwheowallm@yellowpages.com	Male	249.14.118.169
24	Bentlee	Hellwich	bhellwichn@cocolog-nifty.com	Male	111.89.106.67
25	Lacey	Speariett	lspearietto@gnu.org	Female	68.230.45.198
26	Caron	Shutte	cshuttep@prweb.com	Female	175.22.224.237
27	Isobel	Jiras	ijirasq@army.mil	Female	84.2.214.190
28	Timmie	Gloster	tglosterr@smugmug.com	Male	60.129.66.53
29	Sebastien	McBain	smcbains@exblog.jp	Male	212.113.98.84
30	Gottfried	Minshall	gminshallt@issuu.com	Male	2.192.86.178
31	Ardelis	Cullum	acullumu@alibaba.com	Female	185.191.3.98
32	Glen	Culbert	gculbertv@alibaba.com	Female	216.132.56.212
33	Gina	Tumber	gtumberw@friendfeed.com	Female	206.49.70.78
34	Jan	Abbotson	jabbotsonx@unc.edu	Female	138.191.203.226
35	Lauritz	Westmore	lwestmorey@privacy.gov.au	Male	65.39.14.137
36	Carroll	Letchford	cletchfordz@army.mil	Male	109.124.19.165
37	Rachael	Knappe	rknappe10@weather.com	Female	133.26.170.66
38	Flo	Petric	fpetric11@desdev.cn	Female	227.172.80.234
39	Dorothea	Cossum	dcossum12@huffingtonpost.com	Female	246.253.155.116
40	Effie	Baggot	ebaggot13@sohu.com	Female	39.248.111.201
41	Gabriel	Blumer	gblumer14@deviantart.com	Male	122.19.124.70
42	Eal	O' Mullane	eomullane15@examiner.com	Male	185.68.181.255
43	Boyd	Hedman	bhedman16@ezinearticles.com	Genderfluid	246.117.104.106
44	Moselle	Danit	mdanit17@livejournal.com	Genderfluid	81.81.204.107
45	Ulberto	Bascombe	ubascombe18@wisc.edu	Male	63.197.79.0
46	Nealon	Lansbury	nlansbury19@chronoengine.com	Male	99.5.43.84
47	Cacilia	Cristofano	ccristofano1a@engadget.com	Female	113.48.65.128
48	Flo	Maryon	fmaryon1b@oakley.com	Female	235.206.160.41
49	Betta	Alessandrucci	balessandrucci1c@hud.gov	Female	209.98.171.254
50	Dore	Abell	dabell1d@edublogs.org	Male	213.224.5.162
51	Frazier	Moscrop	fmoscrop1e@jimdo.com	Male	33.104.60.238
52	Felisha	Bramsom	fbramsom1f@github.io	Genderqueer	136.115.142.74
53	Obed	Pley	opley1g@admin.ch	Male	102.82.148.216
54	Luca	Amsden	lamsden1h@discovery.com	Male	84.67.191.251
55	Tedi	Hatherleigh	thatherleigh1i@networksolutions.com	Female	255.59.191.243
56	Bernarr	Matis	bmatis1j@github.io	Male	72.89.126.84
57	Jobi	Havick	jhavick1k@yahoo.co.jp	Female	238.225.2.245
58	Anderson	Bernaert	abernaert1l@disqus.com	Male	219.160.153.251
59	Randi	Stebbings	rstebbings1m@booking.com	Male	16.15.176.139
60	Parrnell	Tejero	ptejero1n@artisteer.com	Male	101.101.150.157
61	Euphemia	Rickword	erickword1o@state.gov	Female	31.197.6.1
62	Rainer	Murrock	rmurrock1p@wikispaces.com	Male	162.160.180.209
63	Vito	Treherne	vtreherne1q@devhub.com	Male	67.15.179.75
64	Tamara	Dalton	tdalton1r@weebly.com	Female	115.183.116.180
65	Daveta	Scroxton	dscroxton1s@fda.gov	Female	213.83.79.72
66	Tulley	Martyntsev	tmartyntsev1t@angelfire.com	Male	149.52.197.77
67	Norris	O'Heagertie	noheagertie1u@soundcloud.com	Male	183.46.233.222
68	Zebulon	Walkinshaw	zwalkinshaw1v@sitemeter.com	Male	232.187.166.179
69	Lindi	Tuffield	ltuffield1w@twitter.com	Female	66.167.232.193
70	Frannie	Kingsbury	fkingsbury1x@yandex.ru	Male	139.56.173.34
71	Coletta	Copner	ccopner1y@yellowpages.com	Female	17.168.46.225
72	Taffy	Radolf	tradolf1z@cpanel.net	Female	236.76.237.101
73	Mireielle	Conre	mconre20@tiny.cc	Female	132.14.109.83
74	Edouard	Deluze	edeluze21@com.com	Male	20.157.213.172
75	Rip	Cosbee	rcosbee22@usnews.com	Male	233.59.56.104
76	Minna	Staley	mstaley23@woothemes.com	Female	21.42.165.107
77	Osmund	Illingworth	oillingworth24@bluehost.com	Agender	53.76.145.46
78	Eolande	McEachern	emceachern25@tinyurl.com	Female	237.80.233.42
79	Lincoln	Crippen	lcrippen26@shop-pro.jp	Male	15.92.88.90
80	Blancha	Pashby	bpashby27@nifty.com	Female	232.59.88.23
81	Sherye	Lorman	slorman28@canalblog.com	Female	192.216.236.177
82	Abramo	Obern	aobern29@spiegel.de	Male	61.27.165.21
83	Verile	Goold	vgoold2a@bloomberg.com	Female	91.148.178.21
84	Bradford	Vanyarkin	bvanyarkin2b@github.com	Male	49.246.18.214
85	Linda	Gheeraert	lgheeraert2c@biglobe.ne.jp	Female	170.103.45.37
86	Jarret	Bracken	jbracken2d@goodreads.com	Male	57.118.56.171
87	Julianne	Domney	jdomney2e@wordpress.com	Female	70.239.175.130
88	Trista	Berkery	tberkery2f@icq.com	Female	184.115.149.63
89	Boycie	Abelovitz	babelovitz2g@multiply.com	Male	102.44.76.247
90	Reggy	Gusticke	rgusticke2h@comcast.net	Male	147.108.31.128
91	Gothart	Hurle	ghurle2i@ustream.tv	Male	118.32.41.146
92	Georgy	Keitch	gkeitch2j@abc.net.au	Male	215.71.116.216
93	Vanna	Tacey	vtacey2k@cam.ac.uk	Genderqueer	133.189.246.165
94	Elsy	Hutable	ehutable2l@illinois.edu	Female	44.165.141.29
95	Hatti	McCuaig	hmccuaig2m@usda.gov	Female	17.172.197.93
96	Austin	Raft	araft2n@cornell.edu	Male	62.139.106.144
97	Brinna	Fundell	bfundell2o@yellowpages.com	Female	211.207.6.70
98	Maryrose	Farguhar	mfarguhar2p@fema.gov	Female	132.248.143.231
99	Fiorenze	Aliberti	faliberti2q@youtube.com	Female	47.216.244.204
100	Kean	Medina	kmedina2r@narod.ru	Male	10.12.121.54
101	Eadmund	Gogarty	egogarty2s@tinyurl.com	Male	105.222.145.161
102	Dorree	Darter	ddarter2t@google.com.br	Female	149.184.141.166
103	Neville	Coughlan	ncoughlan2u@boston.com	Male	104.158.18.232
104	Karlan	Larvin	klarvin2v@stanford.edu	Male	196.21.56.82
105	Zach	Warlaw	zwarlaw2w@etsy.com	Male	41.41.206.240
106	Earlie	Dibsdale	edibsdale2x@ask.com	Male	93.214.239.97
107	Baily	O'Kenny	bokenny2y@list-manage.com	Male	74.232.251.13
108	Marc	Noddings	mnoddings2z@de.vu	Male	193.100.62.94
109	Case	Eamer	ceamer30@sina.com.cn	Male	85.216.247.112
110	Lowrance	Jaskowicz	ljaskowicz31@ycombinator.com	Male	153.117.111.195
111	Lucien	Castagnaro	lcastagnaro32@mac.com	Male	163.197.155.116
112	Duane	Saunper	dsaunper33@vimeo.com	Male	29.128.241.62
113	Port	Leimster	pleimster34@comcast.net	Genderqueer	77.133.57.68
114	Shalom	Youd	syoud35@lulu.com	Male	190.226.20.9
115	Eal	Crosfeld	ecrosfeld36@smh.com.au	Male	172.202.149.226
116	Mendel	Wylder	mwylder37@flickr.com	Genderqueer	67.32.254.124
117	Christina	Dove	cdove38@fastcompany.com	Female	88.142.68.67
118	Flinn	Farreil	ffarreil39@yahoo.co.jp	Male	43.48.246.157
119	Edgard	Goslin	egoslin3a@4shared.com	Male	244.175.127.215
120	Rudie	Sommerly	rsommerly3b@mashable.com	Male	225.212.79.63
121	Eve	McTaggart	emctaggart3c@sphinn.com	Female	46.161.20.78
122	Skipton	Matignon	smatignon3d@about.me	Male	168.119.199.248
123	Ammamaria	Bartholin	abartholin3e@ameblo.jp	Female	158.84.82.233
124	Manuel	Romei	mromei3f@unicef.org	Male	27.86.168.78
125	Dolores	Soigoux	dsoigoux3g@opensource.org	Female	181.28.181.168
126	Amberly	Merida	amerida3h@va.gov	Female	227.57.237.189
127	Astrix	Schwandt	aschwandt3i@imdb.com	Bigender	236.232.137.76
128	Bev	Rowcliffe	browcliffe3j@360.cn	Female	10.215.248.207
129	Letitia	Bosman	lbosman3k@independent.co.uk	Genderqueer	226.221.110.156
130	Vail	D'Alesco	vdalesco3l@networksolutions.com	Male	146.61.219.182
131	Martynne	Gavrielli	mgavrielli3m@washingtonpost.com	Female	167.216.81.137
132	Rozina	Albrighton	ralbrighton3n@illinois.edu	Female	162.193.102.246
133	Maxim	Grene	mgrene3o@timesonline.co.uk	Male	230.166.121.28
134	Tiphany	Cordrey	tcordrey3p@tripadvisor.com	Female	243.39.3.56
135	Blithe	Boullen	bboullen3q@github.com	Female	47.179.80.177
136	Oby	Antonioni	oantonioni3r@fema.gov	Male	86.58.126.91
137	Bar	O'Sheerin	bosheerin3s@cdbaby.com	Male	61.202.139.76
138	Rubin	Balsillie	rbalsillie3t@newsvine.com	Male	63.161.124.177
139	Konstanze	Nortcliffe	knortcliffe3u@elegantthemes.com	Female	209.245.114.145
140	Dorry	Shoesmith	dshoesmith3v@dagondesign.com	Female	150.209.174.8
141	Sher	Goodliff	sgoodliff3w@cocolog-nifty.com	Female	189.255.119.70
142	Arvin	Goudman	agoudman3x@amazon.co.jp	Male	160.21.54.249
143	Betta	Yitzowitz	byitzowitz3y@arizona.edu	Female	240.253.186.248
144	Terence	McBrearty	tmcbrearty3z@moonfruit.com	Male	105.66.115.223
145	Marlee	Leguay	mleguay40@studiopress.com	Female	128.172.40.61
146	Kirby	Reschke	kreschke41@comcast.net	Female	17.133.192.166
147	Laney	Shields	lshields42@hc360.com	Male	140.2.189.179
148	Cam	Troubridge	ctroubridge43@yahoo.co.jp	Non-binary	4.122.181.214
149	Cairistiona	Rubinowitsch	crubinowitsch44@ed.gov	Female	129.166.77.115
150	Aloin	Burress	aburress45@hubpages.com	Male	22.23.26.110
151	Gardner	Tully	gtully46@senate.gov	Male	89.255.6.119
152	Shamus	Baldry	sbaldry47@goo.gl	Male	25.242.243.6
153	Kellen	Crunden	kcrunden48@unicef.org	Male	10.225.228.101
154	Bendix	Naulty	bnaulty49@soundcloud.com	Agender	47.21.150.14
155	Frayda	Tunnick	ftunnick4a@studiopress.com	Female	46.170.22.58
156	Ardyth	Schonfelder	aschonfelder4b@canalblog.com	Genderqueer	239.74.118.147
157	Lyon	Spollen	lspollen4c@bloomberg.com	Agender	114.85.255.171
158	Jourdan	O'Corrigane	jocorrigane4d@exblog.jp	Female	31.21.137.193
159	Emogene	Bailiss	ebailiss4e@mozilla.org	Female	146.83.140.245
160	Jean	Ionnidis	jionnidis4f@abc.net.au	Polygender	227.230.195.81
161	Tessa	Gaspard	tgaspard4g@tumblr.com	Female	50.164.216.122
162	Giovanni	Questier	gquestier4h@chronoengine.com	Male	105.178.124.102
163	Daisy	Sainz	dsainz4i@yellowbook.com	Female	133.212.140.10
164	Bobbi	Mengue	bmengue4j@skyrock.com	Female	214.46.139.213
165	Cirilo	Knightsbridge	cknightsbridge4k@pinterest.com	Male	48.249.46.130
166	Camey	Dailly	cdailly4l@drupal.org	Male	43.109.80.91
167	Reeba	Luberti	rluberti4m@salon.com	Female	62.138.145.203
168	Christoper	Mussettini	cmussettini4n@addthis.com	Male	44.168.40.91
169	Moyra	Fasham	mfasham4o@theguardian.com	Female	205.53.32.199
170	Geoffrey	Flude	gflude4p@nationalgeographic.com	Male	212.175.151.104
171	Noel	Finney	nfinney4q@biblegateway.com	Male	135.47.70.161
172	Ivy	Chasmar	ichasmar4r@imgur.com	Female	233.156.44.211
173	Joyce	Vamplew	jvamplew4s@examiner.com	Female	67.1.0.51
174	Doria	Tointon	dtointon4t@technorati.com	Agender	240.158.44.164
175	Paul	Le Maitre	plemaitre4u@google.co.jp	Genderfluid	100.80.79.54
176	Rozalin	Newband	rnewband4v@weibo.com	Female	83.131.146.247
177	Eadmund	Heindl	eheindl4w@goo.gl	Male	197.95.106.128
178	Dorian	Fardell	dfardell4x@constantcontact.com	Female	118.159.128.87
179	Benita	Bakes	bbakes4y@wikispaces.com	Female	64.213.77.54
180	Hurley	Deniset	hdeniset4z@ft.com	Male	169.3.132.208
181	Damian	Penna	dpenna50@answers.com	Genderqueer	75.128.233.157
182	Reggie	Crump	rcrump51@netscape.com	Genderqueer	11.66.237.109
183	Shelley	Trorey	strorey52@feedburner.com	Male	30.254.103.29
184	Norrie	Tanfield	ntanfield53@wisc.edu	Female	4.86.219.201
185	Wilbur	Burnitt	wburnitt54@artisteer.com	Male	161.63.77.19
186	Jaime	Alywin	jalywin55@tmall.com	Female	115.30.64.231
187	Beilul	Carnalan	bcarnalan56@oaic.gov.au	Female	230.242.5.79
188	Rebekkah	Lyford	rlyford57@techcrunch.com	Female	175.96.20.212
189	Bonnibelle	Glencros	bglencros58@so-net.ne.jp	Female	33.84.179.152
190	Terrence	Proud	tproud59@archive.org	Polygender	127.122.58.170
191	Antonia	Hinze	ahinze5a@google.it	Female	233.245.122.24
192	Constantina	Martel	cmartel5b@ucla.edu	Female	187.55.54.218
193	Manolo	Yeoman	myeoman5c@ca.gov	Male	149.50.44.197
194	Erie	Plaskitt	eplaskitt5d@gizmodo.com	Male	2.67.241.182
195	Odey	Hardage	ohardage5e@hexun.com	Male	130.217.16.28
196	Dillon	Mewha	dmewha5f@tripadvisor.com	Male	45.51.207.179
197	Barry	Cheyney	bcheyney5g@opensource.org	Female	112.153.19.6
198	Kile	Ingarfield	kingarfield5h@mozilla.org	Male	133.252.115.66
199	Shelley	Smeall	ssmeall5i@odnoklassniki.ru	Female	2.20.73.201
200	Mae	Boatwright	mboatwright5j@dyndns.org	Female	70.16.135.141
201	Park	Everex	peverex5k@sfgate.com	Male	24.215.66.243
202	Hope	Sawnwy	hsawnwy5l@cargocollective.com	Female	186.239.100.218
203	Kym	Lattos	klattos5m@sciencedirect.com	Female	173.194.196.169
204	Rea	Tschersich	rtschersich5n@cnn.com	Female	213.3.108.59
205	Kristen	O'Cannavan	kocannavan5o@wikia.com	Female	105.36.228.234
206	Kennedy	Bowstead	kbowstead5p@4shared.com	Male	250.199.141.35
207	Jeremias	Shone	jshone5q@multiply.com	Male	129.39.81.2
208	Enrica	Beeken	ebeeken5r@nih.gov	Female	155.106.195.98
209	Odelle	Sawer	osawer5s@nps.gov	Female	107.183.25.223
210	Prue	Stocker	pstocker5t@amazon.com	Female	3.165.204.94
211	Edgard	Deschelle	edeschelle5u@mac.com	Male	150.187.43.27
212	Shaun	Marshland	smarshland5v@engadget.com	Male	95.108.67.1
213	Bern	Crysell	bcrysell5w@webeden.co.uk	Male	215.65.68.221
214	Any	Lunck	alunck5x@virginia.edu	Male	204.13.122.142
215	Boris	Hobben	bhobben5y@1und1.de	Male	224.191.198.155
216	Meriel	Joscelin	mjoscelin5z@noaa.gov	Agender	213.142.89.167
217	Kinsley	Munehay	kmunehay60@weibo.com	Male	75.79.117.138
218	Jaime	Steenson	jsteenson61@ihg.com	Male	26.152.199.184
219	Chlo	Core	ccore62@mlb.com	Female	114.137.191.212
220	Roderich	Sheber	rsheber63@google.co.uk	Male	151.175.224.184
221	Gerick	Slogrove	gslogrove64@unesco.org	Non-binary	141.74.227.68
222	Ivar	Goby	igoby65@networksolutions.com	Male	204.199.111.54
223	Ann	Maciejewski	amaciejewski66@multiply.com	Genderqueer	138.90.38.167
224	Rufus	Howie	rhowie67@ocn.ne.jp	Genderqueer	108.252.225.43
225	Francisco	Ortmann	fortmann68@youku.com	Male	196.162.66.204
226	Brook	Cumpsty	bcumpsty69@ibm.com	Polygender	76.228.122.203
227	Vaughan	Askaw	vaskaw6a@addthis.com	Male	166.98.155.152
228	Ewart	Welton	ewelton6b@comcast.net	Male	90.223.134.168
229	Rafaellle	Linnock	rlinnock6c@t.co	Male	77.159.199.68
230	Othella	Hewes	ohewes6d@dedecms.com	Genderqueer	163.75.83.140
231	Skelly	Landon	slandon6e@woothemes.com	Male	137.184.23.32
232	Cami	Piccop	cpiccop6f@redcross.org	Female	130.210.86.94
233	Chaddy	Serchwell	cserchwell6g@webeden.co.uk	Male	174.5.64.98
234	Virgie	Palluschek	vpalluschek6h@washingtonpost.com	Male	61.221.107.175
235	Gannon	Puvia	gpuvia6i@vkontakte.ru	Male	117.249.146.83
236	Francisca	Gynn	fgynn6j@cmu.edu	Female	238.15.238.51
237	Rudolf	Swanborough	rswanborough6k@wired.com	Genderqueer	181.149.37.194
238	Ingra	Bridgstock	ibridgstock6l@google.it	Male	156.94.146.92
239	Spence	Mariault	smariault6m@over-blog.com	Male	219.166.178.57
240	Antonia	Fayerman	afayerman6n@ted.com	Female	4.222.36.2
241	Townsend	Summerell	tsummerell6o@i2i.jp	Male	111.105.203.207
242	Wainwright	Vanyakin	wvanyakin6p@businesswire.com	Male	192.145.138.80
243	Waldon	Edmondson	wedmondson6q@alexa.com	Male	239.152.82.5
244	Quinn	Gatherer	qgatherer6r@fotki.com	Female	119.189.13.102
245	Aleen	Newton	anewton6s@hao123.com	Female	4.55.126.59
246	Levy	Chazelle	lchazelle6t@slate.com	Male	242.131.134.214
247	Reynold	Coonan	rcoonan6u@networksolutions.com	Male	245.173.244.74
248	Sonya	Burnside	sburnside6v@apache.org	Female	94.3.61.68
249	Mareah	Dixie	mdixie6w@delicious.com	Female	149.67.78.176
250	Iver	Ducrow	iducrow6x@bizjournals.com	Male	189.152.0.1
251	Alexandra	Moyne	amoyne6y@globo.com	Female	163.243.27.52
252	Margeaux	MacIntyre	mmacintyre6z@cbc.ca	Female	252.100.177.16
253	Feodora	MacAlpin	fmacalpin70@google.it	Bigender	183.169.225.137
254	Johnath	Battaille	jbattaille71@psu.edu	Female	6.99.97.52
255	Talyah	Gratland	tgratland72@mapy.cz	Female	23.191.101.28
256	Link	Camoletto	lcamoletto73@bing.com	Male	67.179.193.28
257	Laina	Wellbelove	lwellbelove74@disqus.com	Female	247.24.96.215
258	Leisha	Dudleston	ldudleston75@twitpic.com	Agender	17.131.165.99
259	Camille	Storm	cstorm76@printfriendly.com	Female	68.240.214.31
260	Gibbie	Whight	gwhight77@t.co	Male	188.75.24.55
261	Goldie	McAllester	gmcallester78@blogs.com	Female	119.172.50.200
262	Frederico	Gillanders	fgillanders79@aboutads.info	Male	221.227.135.128
263	Clint	McVitie	cmcvitie7a@tinypic.com	Male	107.169.25.145
264	Chrysa	Purcell	cpurcell7b@multiply.com	Genderqueer	13.237.154.71
265	Melania	Kenneway	mkenneway7c@webs.com	Female	69.139.118.45
266	Ricki	McGregor	rmcgregor7d@newsvine.com	Male	250.39.201.30
267	Leah	Le Noury	llenoury7e@usatoday.com	Female	138.46.197.52
268	Tonya	Bennike	tbennike7f@tamu.edu	Female	205.71.82.115
269	Elvyn	Edds	eedds7g@discovery.com	Male	222.50.20.168
270	Vinny	Renfield	vrenfield7h@tuttocitta.it	Male	206.44.39.51
271	Levey	Sicily	lsicily7i@tumblr.com	Male	180.63.39.147
272	Yorke	Goldsmith	ygoldsmith7j@csmonitor.com	Male	71.4.193.124
273	Marcelle	Unwins	munwins7k@who.int	Female	72.75.48.20
274	Donalt	Spykings	dspykings7l@unesco.org	Male	28.133.175.171
275	Reeva	Danat	rdanat7m@example.com	Female	244.107.253.197
276	Nikita	Stanyard	nstanyard7n@delicious.com	Male	171.254.214.34
277	Kacey	Biggin	kbiggin7o@zimbio.com	Female	248.245.64.195
278	Tandi	Sworn	tsworn7p@squidoo.com	Female	217.19.221.198
279	Valli	Kennford	vkennford7q@dailymotion.com	Female	82.183.20.151
280	Ezekiel	McLean	emclean7r@npr.org	Genderfluid	151.113.188.204
281	Romain	Raveau	rraveau7s@cbc.ca	Bigender	155.78.73.4
282	Barth	Nickerson	bnickerson7t@mediafire.com	Male	155.181.53.111
283	Taite	Grigoroni	tgrigoroni7u@devhub.com	Male	158.169.133.253
284	Trixi	Itshak	titshak7v@ftc.gov	Female	52.47.176.168
285	Correna	Arbuckle	carbuckle7w@howstuffworks.com	Female	116.80.63.239
286	Chickie	Simony	csimony7x@angelfire.com	Female	86.231.139.5
287	Margaretha	Likely	mlikely7y@fc2.com	Female	91.73.202.83
288	Filippa	Hun	fhun7z@google.ru	Female	241.76.15.2
289	Keir	Combe	kcombe80@xinhuanet.com	Bigender	99.2.52.251
290	Charil	Rowlstone	crowlstone81@canalblog.com	Female	94.130.108.206
291	Blake	Boyet	bboyet82@wiley.com	Male	189.18.174.71
292	Myra	Ditzel	mditzel83@dedecms.com	Female	242.97.72.140
293	Reynold	Lambertson	rlambertson84@fastcompany.com	Male	249.166.228.36
294	Marsiella	Palfery	mpalfery85@ustream.tv	Female	252.232.178.15
295	Murdock	Verdie	mverdie86@blogtalkradio.com	Male	102.107.150.177
296	Giffy	Winchester	gwinchester87@harvard.edu	Male	55.93.73.49
297	Nikos	Gauvin	ngauvin88@amazon.com	Male	126.121.87.34
298	Rowan	Mattingley	rmattingley89@google.de	Male	49.42.182.239
299	Caryl	McOmish	cmcomish8a@shareasale.com	Female	141.36.198.234
300	Ivett	Scambler	iscambler8b@mapy.cz	Bigender	47.80.217.110
301	Stephan	Tanguy	stanguy8c@virginia.edu	Male	200.3.242.1
302	Bronson	Pietasch	bpietasch8d@mac.com	Male	23.58.210.227
303	Anastasie	Arsnell	aarsnell8e@smugmug.com	Female	203.140.176.170
304	Misti	Hillum	mhillum8f@census.gov	Female	100.231.187.184
305	Neysa	Blakeslee	nblakeslee8g@simplemachines.org	Female	83.111.147.154
306	Tiffi	Osgar	tosgar8h@usda.gov	Genderfluid	165.84.207.173
307	Adora	Bruneau	abruneau8i@msu.edu	Female	139.79.173.91
308	Ketti	Haddacks	khaddacks8j@cargocollective.com	Female	92.79.121.246
309	Dawna	Thouless	dthouless8k@symantec.com	Female	18.81.148.52
310	Christalle	Switzer	cswitzer8l@opera.com	Female	77.68.232.72
311	Julianne	de Keyser	jdekeyser8m@illinois.edu	Female	61.144.8.193
312	Yurik	Povey	ypovey8n@hud.gov	Male	52.6.200.217
313	Mario	Pitrelli	mpitrelli8o@csmonitor.com	Male	210.38.222.42
314	Maribelle	Catterell	mcatterell8p@nymag.com	Female	180.206.49.200
315	June	Mableson	jmableson8q@va.gov	Female	244.25.244.19
316	Karmen	Gewer	kgewer8r@pcworld.com	Female	196.109.16.47
317	Husain	Lain	hlain8s@macromedia.com	Male	249.170.111.144
318	Willdon	Feacham	wfeacham8t@businesswire.com	Male	242.49.8.66
319	Bjorn	Kinge	bkinge8u@omniture.com	Male	26.165.123.6
320	Iain	Haslin	ihaslin8v@europa.eu	Male	203.3.118.93
321	Sarette	Chinnock	schinnock8w@technorati.com	Polygender	56.248.71.250
322	Aileen	Atto	aatto8x@xrea.com	Female	10.121.10.41
323	Giraud	Lidster	glidster8y@prlog.org	Male	145.88.249.57
324	Leesa	Barras	lbarras8z@slashdot.org	Female	32.33.160.71
325	Payton	Mouncher	pmouncher90@wunderground.com	Male	244.56.19.26
326	Marcia	Abel	mabel91@intel.com	Female	114.10.132.225
327	Sandie	Boniface	sboniface92@wix.com	Female	176.139.8.14
328	Rikki	Keilloh	rkeilloh93@newyorker.com	Male	53.28.184.91
329	Goldy	McCaskill	gmccaskill94@e-recht24.de	Female	191.241.235.92
330	Bertina	Truswell	btruswell95@umich.edu	Female	83.3.123.109
331	Josee	Keogh	jkeogh96@simplemachines.org	Female	174.209.190.198
332	Elfrieda	Swains	eswains97@blogs.com	Female	251.27.159.3
333	Ulrich	Sendall	usendall98@washington.edu	Male	229.131.207.61
334	Emmalynn	Eyeington	eeyeington99@yolasite.com	Bigender	111.106.251.107
335	Jarib	McAsgill	jmcasgill9a@uol.com.br	Male	241.68.198.120
336	Israel	Hinrich	ihinrich9b@hhs.gov	Male	110.239.187.159
337	Aigneis	Kewish	akewish9c@sakura.ne.jp	Polygender	19.148.17.20
338	Cassie	Fryman	cfryman9d@acquirethisname.com	Male	241.131.97.209
339	Keary	Van der Linde	kvanderlinde9e@jigsy.com	Male	142.56.246.188
340	Debby	Place	dplace9f@google.com.au	Agender	6.131.170.242
341	Beverlee	Beardow	bbeardow9g@a8.net	Female	3.35.158.159
342	Noel	Waterfall	nwaterfall9h@pagesperso-orange.fr	Male	177.160.100.103
343	Harold	Credland	hcredland9i@goo.gl	Male	135.79.125.109
344	Aurilia	Balffye	abalffye9j@ed.gov	Female	181.71.177.189
345	Artus	Bromehed	abromehed9k@soundcloud.com	Male	89.169.243.121
346	Dolli	Wernham	dwernham9l@alexa.com	Female	170.2.236.158
347	Anselma	Tunmore	atunmore9m@guardian.co.uk	Female	126.194.217.176
348	Maure	Barltrop	mbarltrop9n@howstuffworks.com	Female	143.221.232.164
349	Rhody	Crichmer	rcrichmer9o@apple.com	Female	230.78.69.92
350	Northrop	Fass	nfass9p@sakura.ne.jp	Male	107.85.216.160
351	Eben	McMurty	emcmurty9q@yale.edu	Male	187.230.185.223
352	Yasmin	Faithfull	yfaithfull9r@gov.uk	Female	137.163.188.251
353	Katlin	Fache	kfache9s@alibaba.com	Non-binary	141.56.199.79
354	Etienne	Giacomuzzi	egiacomuzzi9t@state.gov	Male	69.152.194.204
355	Lil	Spera	lspera9u@nifty.com	Female	237.118.78.64
356	Kippie	Mougeot	kmougeot9v@edublogs.org	Female	206.36.174.208
357	Gregoire	Bosomworth	gbosomworth9w@cmu.edu	Male	189.242.107.81
358	Bink	Januszkiewicz	bjanuszkiewicz9x@parallels.com	Male	185.241.7.250
359	Kelsi	Lill	klill9y@jalbum.net	Female	128.197.255.10
360	Ches	Gothliff	cgothliff9z@un.org	Male	180.224.86.74
361	Boony	Risbridger	brisbridgera0@miitbeian.gov.cn	Male	166.5.97.237
362	Cherri	Laverock	claverocka1@yandex.ru	Female	167.106.37.104
363	Huey	Ripsher	hripshera2@google.ca	Male	69.233.155.115
364	Franni	McGrayle	fmcgraylea3@apache.org	Female	138.36.23.51
365	Maris	Beadham	mbeadhama4@rediff.com	Female	120.145.85.96
366	Asa	Gorwood	agorwooda5@blog.com	Male	202.99.213.131
367	Hershel	Nield	hnielda6@epa.gov	Male	39.105.80.185
368	Rickert	Ullock	rullocka7@zdnet.com	Male	154.175.32.123
369	Hallie	Lovering	hloveringa8@skyrock.com	Genderqueer	33.96.141.97
370	Zarla	Turrell	zturrella9@fotki.com	Female	61.84.133.210
371	Gerhardine	Silby	gsilbyaa@addtoany.com	Female	197.248.15.95
372	Aleta	Weich	aweichab@uol.com.br	Female	247.52.234.141
373	Gonzales	Batsford	gbatsfordac@craigslist.org	Male	240.162.163.15
374	Carlyle	McPherson	cmcphersonad@cocolog-nifty.com	Male	61.64.29.73
375	Denver	Mardoll	dmardollae@nature.com	Male	144.50.170.106
376	Rosanne	Celez	rcelezaf@macromedia.com	Female	80.75.169.64
377	Estevan	Pullar	epullarag@phoca.cz	Male	35.225.126.26
378	Brien	Stean	bsteanah@sina.com.cn	Male	203.128.189.48
379	Orran	Wetherald	owetheraldai@noaa.gov	Male	185.52.224.224
380	Sigismondo	O'Hoey	sohoeyaj@oakley.com	Male	25.121.36.100
381	Lloyd	Benini	lbeniniak@vk.com	Male	255.177.122.63
382	Abelard	Argo	aargoal@clickbank.net	Male	211.239.146.107
383	Timothee	Mathy	tmathyam@psu.edu	Male	163.143.53.88
384	Bay	Downton	bdowntonan@china.com.cn	Male	185.46.51.101
385	Maryjane	Castillo	mcastilloao@dailymail.co.uk	Female	96.26.34.25
386	Harlie	Greville	hgrevilleap@phpbb.com	Female	165.142.199.40
387	Margy	Collington	mcollingtonaq@vistaprint.com	Female	81.254.220.241
388	Oralla	Wenderoth	owenderothar@webmd.com	Genderqueer	60.251.44.156
389	Shari	Soitoux	ssoitouxas@eepurl.com	Female	36.144.53.1
390	Mano	Talman	mtalmanat@redcross.org	Male	142.74.176.198
391	Konstantine	Colbertson	kcolbertsonau@amazonaws.com	Male	171.44.125.142
392	Tessy	Newnham	tnewnhamav@usnews.com	Female	131.97.19.138
393	Vidovik	Danneil	vdanneilaw@biblegateway.com	Male	4.89.150.127
394	Britt	Schankel	bschankelax@sphinn.com	Male	69.192.68.117
395	Lorita	Foukx	lfoukxay@rakuten.co.jp	Female	165.34.212.136
396	Faustina	Allworthy	fallworthyaz@amazon.de	Female	230.158.227.93
397	Elsa	Eblein	eebleinb0@unblog.fr	Female	83.40.87.62
398	Irwinn	Marquez	imarquezb1@psu.edu	Genderqueer	86.134.165.129
399	Isaak	Stuchbery	istuchberyb2@latimes.com	Male	247.248.226.104
400	Tiena	Chastagnier	tchastagnierb3@admin.ch	Female	52.207.222.108
401	Patrizius	Degoe	pdegoeb4@yolasite.com	Male	106.10.72.137
402	Imelda	McGahy	imcgahyb5@thetimes.co.uk	Female	49.21.133.86
403	Ediva	Righy	erighyb6@rambler.ru	Female	89.215.183.69
404	Milt	Oakley	moakleyb7@cafepress.com	Male	45.196.240.118
405	Madge	Carnall	mcarnallb8@discuz.net	Female	97.9.2.109
406	Amalita	Woolham	awoolhamb9@barnesandnoble.com	Female	12.96.26.166
407	Deanne	Duckit	dduckitba@dailymotion.com	Female	82.32.252.50
408	Samuel	Wagerfield	swagerfieldbb@typepad.com	Male	206.122.112.235
409	Minta	Hayward	mhaywardbc@wordpress.com	Female	241.15.242.245
410	Jaquith	Jerdein	jjerdeinbd@nature.com	Female	65.165.55.53
411	Shannon	Wackley	swackleybe@gnu.org	Female	113.101.212.180
412	Lloyd	Baiyle	lbaiylebf@reuters.com	Male	68.36.195.28
413	Pierre	Cabrales	pcabralesbg@opensource.org	Non-binary	156.94.202.57
414	Shandie	Dockray	sdockraybh@bloglines.com	Female	218.125.111.213
415	Royce	Castell	rcastellbi@jiathis.com	Male	175.41.86.174
416	Pincus	Murrhaupt	pmurrhauptbj@4shared.com	Male	231.130.68.157
417	Grayce	Healings	ghealingsbk@earthlink.net	Female	220.100.127.204
418	Waite	McGifford	wmcgiffordbl@chronoengine.com	Male	45.89.46.119
419	Cynthie	Rounce	crouncebm@zimbio.com	Female	197.218.100.82
420	Valerye	Jowers	vjowersbn@51.la	Female	137.78.133.5
421	Arielle	Enden	aendenbo@spiegel.de	Bigender	206.244.1.196
422	Katinka	Wanka	kwankabp@fda.gov	Female	243.46.2.59
423	Alexis	Orwin	aorwinbq@cdbaby.com	Female	242.132.174.108
424	Brocky	Winborn	bwinbornbr@imageshack.us	Male	52.64.169.106
425	Abbie	Curado	acuradobs@blogger.com	Male	37.98.58.8
426	Jemmie	Tirrell	jtirrellbt@senate.gov	Genderfluid	246.193.212.242
427	Hinda	Glavin	hglavinbu@discuz.net	Female	193.13.136.92
428	Sharity	Treadway	streadwaybv@vk.com	Female	246.238.197.181
429	Lydon	Cardoo	lcardoobw@ameblo.jp	Male	72.172.212.207
430	Edyth	Kenafaque	ekenafaquebx@nba.com	Female	102.159.125.207
431	Edyth	Prewett	eprewettby@ycombinator.com	Female	40.191.182.25
432	Mandel	Pennuzzi	mpennuzzibz@linkedin.com	Genderqueer	83.184.179.173
433	Jeniece	Lanfer	jlanferc0@netlog.com	Female	0.28.24.136
434	Birdie	Moulson	bmoulsonc1@nhs.uk	Female	33.212.129.58
435	Bastien	Brechin	bbrechinc2@dell.com	Male	207.59.139.29
436	Darb	Barsam	dbarsamc3@merriam-webster.com	Female	177.161.249.2
437	Natale	Cranmor	ncranmorc4@altervista.org	Male	116.239.216.255
438	Kiley	Aubury	kauburyc5@bluehost.com	Non-binary	63.249.111.199
439	Virginie	Marquot	vmarquotc6@oracle.com	Female	45.198.145.180
440	Georgia	Pawley	gpawleyc7@tmall.com	Female	191.149.220.218
441	Emilia	Wollrauch	ewollrauchc8@tmall.com	Female	60.36.114.225
442	Mavra	Minogue	mminoguec9@chronoengine.com	Female	128.251.68.38
443	Joceline	Ariss	jarissca@blogs.com	Polygender	123.251.165.72
444	Kennith	Hales	khalescb@home.pl	Male	154.138.250.42
445	Belvia	Klezmski	bklezmskicc@ebay.com	Female	32.184.91.199
446	Evey	Kynston	ekynstoncd@tiny.cc	Female	253.142.84.209
447	Titos	McAlees	tmcaleesce@discovery.com	Male	185.124.119.224
448	Drusilla	Dyott	ddyottcf@mapquest.com	Female	232.184.57.132
449	Lynelle	Ewbank	lewbankcg@hostgator.com	Female	48.146.112.4
450	Avictor	Bankhurst	abankhurstch@telegraph.co.uk	Male	44.146.156.206
451	Brock	Werndley	bwerndleyci@dot.gov	Male	245.62.5.180
452	Gustave	Matts	gmattscj@rediff.com	Male	251.194.65.59
453	Berty	Smullin	bsmullinck@shop-pro.jp	Male	88.48.53.128
454	Tatiana	Mulgrew	tmulgrewcl@youtube.com	Female	49.11.23.207
455	Ashton	Walkey	awalkeycm@ameblo.jp	Male	41.62.175.218
456	Brooke	Goodship	bgoodshipcn@cafepress.com	Female	104.172.221.1
457	Nichols	Henrie	nhenrieco@deliciousdays.com	Male	96.107.84.80
458	Emalee	Liggens	eliggenscp@newsvine.com	Female	100.53.24.54
459	Hilton	Sketcher	hsketchercq@google.com.hk	Male	2.243.70.244
460	Randi	Kryska	rkryskacr@reuters.com	Female	87.195.19.149
461	Walton	Armin	warmincs@lycos.com	Male	65.19.74.237
462	Isidore	Calladine	icalladinect@dropbox.com	Male	162.151.20.55
463	Benn	Harden	bhardencu@posterous.com	Male	169.138.87.50
464	Bartram	Game	bgamecv@cafepress.com	Male	4.38.247.102
465	Andriana	Terbeek	aterbeekcw@aol.com	Female	38.43.55.190
466	Gabriello	Riccardo	griccardocx@weebly.com	Male	110.90.134.157
467	Morgen	Kenford	mkenfordcy@vimeo.com	Male	162.47.174.250
468	Lothaire	Aspy	laspycz@bloglovin.com	Male	153.230.228.101
469	Erek	Pates	epatesd0@4shared.com	Male	202.197.35.132
470	Tonnie	Retchford	tretchfordd1@illinois.edu	Male	223.175.173.182
471	Terrill	Drioli	tdriolid2@bloomberg.com	Male	136.247.149.149
472	Abraham	Belsher	abelsherd3@netlog.com	Male	42.130.190.75
473	Sigismond	Bartolomieu	sbartolomieud4@engadget.com	Male	13.109.219.224
474	Joann	Accombe	jaccombed5@de.vu	Female	21.46.30.105
475	Sasha	Ojeda	sojedad6@salon.com	Female	0.213.21.233
476	Aldridge	Horbath	ahorbathd7@constantcontact.com	Male	232.155.252.113
477	Abigael	Stairs	astairsd8@weibo.com	Bigender	54.138.62.133
478	Beltran	Rottgers	brottgersd9@telegraph.co.uk	Male	17.111.76.60
479	Amaleta	Nelthorp	anelthorpda@lycos.com	Female	3.192.188.154
480	Laureen	Hunnywell	lhunnywelldb@sbwire.com	Female	114.39.154.240
481	Renado	Mell	rmelldc@sakura.ne.jp	Male	83.45.165.113
482	Maryanne	Chevalier	mchevalierdd@odnoklassniki.ru	Non-binary	254.104.148.105
483	Jocelin	Frede	jfredede@adobe.com	Female	217.33.25.147
484	Adara	Crowth	acrowthdf@jimdo.com	Female	20.37.238.27
485	Dionysus	Povele	dpoveledg@cbsnews.com	Male	119.166.76.65
486	Lorette	MacAlpine	lmacalpinedh@dyndns.org	Female	163.253.50.108
487	Stanislas	Hurrion	shurriondi@feedburner.com	Male	239.34.28.52
488	Gar	Gobel	ggobeldj@mapquest.com	Male	251.203.146.62
489	Terrie	Casaccio	tcasacciodk@nasa.gov	Female	29.152.19.4
490	Emlen	Tweedie	etweediedl@barnesandnoble.com	Male	186.11.225.180
491	Gwenni	Stienton	gstientondm@newyorker.com	Female	44.188.201.4
492	Enrico	Lamonby	elamonbydn@gmpg.org	Male	59.57.249.77
493	Conrad	Waddy	cwaddydo@ow.ly	Male	131.115.182.76
494	Erich	Medway	emedwaydp@github.com	Male	131.253.120.59
495	Jacky	Stapells	jstapellsdq@imageshack.us	Male	106.56.99.118
496	Allie	McKenny	amckennydr@newyorker.com	Female	11.32.0.43
497	Lilias	McBeth	lmcbethds@army.mil	Genderfluid	15.6.123.146
498	Marlon	Amburgy	mamburgydt@goodreads.com	Male	196.64.220.212
499	Gothart	Boycott	gboycottdu@imageshack.us	Male	182.194.208.48
500	Nara	Laybourn	nlaybourndv@jugem.jp	Polygender	188.83.140.156
501	Antonetta	Hearnshaw	ahearnshawdw@imdb.com	Female	193.169.219.83
502	Lexine	Browncey	lbrownceydx@irs.gov	Female	167.165.159.224
503	Tana	Botwood	tbotwooddy@friendfeed.com	Agender	27.143.148.110
504	Antoine	Dottridge	adottridgedz@cdbaby.com	Male	19.60.138.220
505	Riobard	Fell	rfelle0@state.gov	Male	71.35.198.144
506	Ephrem	Lloyd-Williams	elloydwilliamse1@nps.gov	Male	129.162.96.249
507	Bern	Mullard	bmullarde2@about.me	Genderfluid	182.80.108.129
508	Farley	Broske	fbroskee3@guardian.co.uk	Male	97.173.116.246
509	Tiebold	Barford	tbarforde4@sogou.com	Male	108.115.121.20
510	Vinnie	Goghin	vgoghine5@livejournal.com	Female	12.190.93.251
511	Clay	Castella	ccastellae6@dot.gov	Polygender	59.70.230.174
512	Eimile	Yon	eyone7@ihg.com	Female	17.88.136.240
513	Goldia	Elijahu	gelijahue8@tumblr.com	Female	127.239.165.127
514	Roth	Dumbrall	rdumbralle9@facebook.com	Male	100.148.252.26
515	Lucius	Pierucci	lpierucciea@163.com	Male	147.222.159.244
516	Sibyl	Meegan	smeeganeb@tuttocitta.it	Male	186.47.211.132
517	Mirna	Saterweyte	msaterweyteec@so-net.ne.jp	Female	17.173.242.152
518	Pen	Synke	psynkeed@ezinearticles.com	Female	112.72.125.57
519	Clarke	Fernan	cfernanee@privacy.gov.au	Male	140.52.242.134
520	Stanton	Enterle	senterleef@google.ca	Male	4.248.62.26
521	Roxane	Oldcote	roldcoteeg@nydailynews.com	Female	242.184.240.74
522	Nicki	Dayton	ndaytoneh@storify.com	Female	32.133.16.205
523	Noellyn	Hickin	nhickinei@rakuten.co.jp	Female	251.83.219.207
524	Ofilia	Ennion	oennionej@drupal.org	Female	201.56.195.128
525	Boycie	Pletts	bplettsek@deliciousdays.com	Male	88.246.131.223
526	Hans	Welfair	hwelfairel@a8.net	Male	158.71.41.114
527	Teriann	Stollmeier	tstollmeierem@jiathis.com	Female	122.44.32.10
528	Carmine	Duffet	cduffeten@phoca.cz	Male	79.51.30.158
529	Minerva	Ducroe	mducroeeo@webnode.com	Female	123.147.47.240
530	Larina	Bedells	lbedellsep@dailymotion.com	Female	229.47.42.131
531	Darleen	McCosh	dmccosheq@aol.com	Female	199.229.218.15
532	Ulrica	Tocqueville	utocquevilleer@nationalgeographic.com	Female	7.238.34.7
533	Christoffer	McGarahan	cmcgarahanes@nifty.com	Male	157.247.28.230
534	Roseanne	Tynnan	rtynnanet@cnbc.com	Female	179.22.218.7
535	Jerri	Tetlow	jtetloweu@census.gov	Male	216.219.98.4
536	Vergil	Daice	vdaiceev@time.com	Male	152.46.188.76
537	Gertrudis	Challace	gchallaceew@devhub.com	Female	46.69.209.111
538	Lief	Vasnev	lvasnevex@gmpg.org	Male	114.98.40.254
539	Griz	Mashro	gmashroey@fastcompany.com	Male	160.158.121.214
540	Elfrida	McSporon	emcsporonez@alibaba.com	Female	7.248.198.198
541	Glenn	Witham	gwithamf0@seattletimes.com	Bigender	176.18.202.7
542	Netti	Dorling	ndorlingf1@salon.com	Female	118.10.82.205
543	Camel	Toomer	ctoomerf2@technorati.com	Female	173.86.18.214
544	Nappy	Rodolf	nrodolff3@godaddy.com	Male	239.127.27.31
545	Mandel	Robertz	mrobertzf4@fema.gov	Male	39.15.114.69
546	Emmeline	Kaye	ekayef5@netvibes.com	Female	71.175.37.209
547	Pierce	Gilkison	pgilkisonf6@slate.com	Male	198.76.123.112
548	Benjamen	Jirieck	bjirieckf7@chron.com	Male	54.43.186.181
549	Boris	Wildes	bwildesf8@virginia.edu	Male	52.52.119.245
550	Rodina	Talks	rtalksf9@jimdo.com	Bigender	1.4.232.29
551	Merrilee	Reppaport	mreppaportfa@xinhuanet.com	Female	140.182.59.102
552	Tommi	Drysdell	tdrysdellfb@alexa.com	Female	130.33.247.247
553	Jasper	Treadway	jtreadwayfc@shutterfly.com	Male	215.184.99.33
554	Berky	Dongall	bdongallfd@merriam-webster.com	Male	77.185.160.21
555	Francoise	Snowman	fsnowmanfe@ihg.com	Female	83.141.183.149
556	Claudio	Peploe	cpeploeff@bigcartel.com	Male	20.3.70.74
557	Grove	Hickin	ghickinfg@admin.ch	Male	154.65.90.164
558	Elton	Bambury	ebamburyfh@creativecommons.org	Male	239.132.67.135
559	Meier	Appleby	mapplebyfi@gravatar.com	Male	118.74.151.205
560	Frannie	Ternent	fternentfj@nbcnews.com	Female	47.243.218.213
561	Seth	Brood	sbroodfk@shutterfly.com	Male	92.68.126.224
562	Theodosia	Chiverstone	tchiverstonefl@elegantthemes.com	Female	228.168.2.73
563	Hyacinth	Sallnow	hsallnowfm@unicef.org	Female	171.68.63.223
564	Avrit	Kempson	akempsonfn@yandex.ru	Genderqueer	183.193.107.23
565	Tracy	Malham	tmalhamfo@free.fr	Female	76.230.75.187
566	Donella	Daubney	ddaubneyfp@nba.com	Female	69.88.69.184
567	Kora	O' Borne	kobornefq@wisc.edu	Non-binary	191.110.138.4
568	Damon	Cumesky	dcumeskyfr@uiuc.edu	Male	186.211.40.192
569	Nataniel	Brislan	nbrislanfs@netvibes.com	Male	42.240.247.40
570	Demetra	Mepham	dmephamft@springer.com	Female	115.99.143.38
571	Veradis	Bruna	vbrunafu@mit.edu	Female	145.124.77.124
572	Abbey	Robotham	arobothamfv@etsy.com	Female	165.214.171.240
573	Bordy	Sarfati	bsarfatifw@topsy.com	Bigender	210.73.78.97
574	Leandra	Lethabridge	llethabridgefx@cafepress.com	Female	49.140.124.161
575	Roz	Campion	rcampionfy@about.com	Female	245.239.202.188
576	Kamillah	Cromack	kcromackfz@bluehost.com	Female	214.74.64.8
577	Stormie	Harefoot	sharefootg0@columbia.edu	Female	40.183.197.49
578	Rhianon	Girt	rgirtg1@marketwatch.com	Female	51.242.107.151
579	Mike	Scurrah	mscurrahg2@china.com.cn	Male	118.175.4.173
580	Emmalynn	MacKenzie	emackenzieg3@ovh.net	Female	214.116.166.54
581	Margalit	Clementson	mclementsong4@macromedia.com	Female	12.31.133.150
582	Raphaela	Demageard	rdemageardg5@surveymonkey.com	Female	50.156.2.197
583	Elsi	Sach	esachg6@reverbnation.com	Genderqueer	39.36.254.216
584	Josi	Priestley	jpriestleyg7@wiley.com	Female	29.74.97.35
585	Gloria	Marvel	gmarvelg8@weather.com	Female	21.141.70.55
586	Sven	Appleyard	sappleyardg9@skyrock.com	Polygender	81.224.40.28
587	Alistair	Bletsoe	abletsoega@cmu.edu	Male	105.233.70.20
588	Antoni	Dodimead	adodimeadgb@shinystat.com	Male	161.98.102.242
589	Shirley	Grayshan	sgrayshangc@microsoft.com	Female	108.220.15.11
590	Ronna	Clemmens	rclemmensgd@bbc.co.uk	Female	244.132.89.213
591	Eli	Habbes	ehabbesge@youku.com	Male	96.142.136.6
592	Fanni	Woolrich	fwoolrichgf@bizjournals.com	Female	6.233.119.209
593	Margarette	Reedick	mreedickgg@canalblog.com	Female	144.248.202.233
594	June	Orman	jormangh@examiner.com	Agender	212.171.246.233
595	Genna	Udall	gudallgi@de.vu	Agender	40.114.70.94
596	Nickie	Mahy	nmahygj@google.cn	Polygender	253.0.86.209
597	Corrinne	Drew-Clifton	cdrewcliftongk@europa.eu	Female	147.141.23.71
598	Gusta	Spraging	gspraginggl@feedburner.com	Female	10.163.173.92
599	Dougy	See	dseegm@instagram.com	Male	87.213.124.133
600	Florie	Mc Andrew	fmcandrewgn@arstechnica.com	Female	47.163.108.109
601	Cam	Jerzak	cjerzakgo@reuters.com	Male	40.48.105.199
602	Milly	Carrett	mcarrettgp@delicious.com	Female	115.68.30.166
603	Dore	Sketh	dskethgq@ameblo.jp	Male	111.160.187.82
604	Marlee	Clynmans	mclynmansgr@plala.or.jp	Female	89.168.170.165
605	Ashbey	Florez	aflorezgs@mozilla.com	Male	40.10.67.190
606	Filia	Yurin	fyuringt@techcrunch.com	Female	47.175.6.211
607	Regina	Oliffe	roliffegu@latimes.com	Female	39.152.237.122
608	Fitz	Folomin	ffolomingv@vimeo.com	Male	80.234.165.39
609	Shell	Chrichton	schrichtongw@chron.com	Genderfluid	45.195.200.124
610	Devin	Morena	dmorenagx@google.nl	Female	58.38.229.175
611	Brianne	Villa	bvillagy@umich.edu	Female	211.202.79.188
612	Fred	Addie	faddiegz@geocities.jp	Male	112.137.255.200
613	Eugene	Cheeseman	echeesemanh0@walmart.com	Male	141.23.68.186
614	Ettore	Burrett	eburretth1@berkeley.edu	Male	191.123.162.138
615	Emmye	Goult	egoulth2@cbslocal.com	Female	243.52.89.199
616	Benson	Venturoli	bventurolih3@fda.gov	Male	44.255.224.13
617	Remus	Wilkisson	rwilkissonh4@sphinn.com	Male	131.7.217.56
618	Alister	Jerrome	ajerromeh5@lulu.com	Genderfluid	183.149.86.18
619	Shela	Milesop	smilesoph6@cbc.ca	Female	70.114.250.193
620	Ellary	Hartnell	ehartnellh7@live.com	Male	160.36.156.74
621	Murry	Mercey	mmerceyh8@google.fr	Male	46.132.62.6
622	Charmian	Frankland	cfranklandh9@sciencedaily.com	Female	215.50.108.248
623	Ernesto	Papen	epapenha@deliciousdays.com	Male	77.19.68.40
624	Hermon	Cars	hcarshb@dot.gov	Male	11.137.212.32
625	Calvin	Logesdale	clogesdalehc@storify.com	Male	44.215.142.237
626	Ly	Hampshaw	lhampshawhd@intel.com	Male	223.77.89.226
627	Dee dee	Baynard	dbaynardhe@de.vu	Female	204.27.127.133
628	Latia	Mendus	lmendushf@nba.com	Female	69.201.231.239
629	Abie	Dunlop	adunlophg@upenn.edu	Male	85.121.219.16
630	Agnes	Hustings	ahustingshh@angelfire.com	Female	145.118.51.106
631	Lazaro	Miroy	lmiroyhi@gov.uk	Male	174.243.166.32
632	Prentiss	Benoiton	pbenoitonhj@surveymonkey.com	Agender	191.24.220.77
633	Dulce	Chupin	dchupinhk@craigslist.org	Female	140.90.112.10
634	Brittaney	Blasetti	bblasettihl@live.com	Female	135.46.229.98
635	Easter	Ryam	eryamhm@gnu.org	Female	94.233.217.200
636	Ryley	Alger	ralgerhn@nih.gov	Male	230.22.50.115
637	Korney	Fison	kfisonho@shinystat.com	Female	27.147.124.28
638	Claire	Caney	ccaneyhp@wsj.com	Male	250.100.254.83
639	Cornie	Lethley	clethleyhq@ask.com	Male	94.242.94.34
640	Kendre	Delea	kdeleahr@nature.com	Female	254.81.28.33
641	Imelda	Gregolin	igregolinhs@gmpg.org	Female	230.250.95.84
642	Muhammad	Hattam	mhattamht@purevolume.com	Male	132.241.22.248
643	Jules	Biever	jbieverhu@de.vu	Male	113.236.191.201
644	Evelina	Runnacles	erunnacleshv@webmd.com	Female	171.197.57.148
645	Justine	Broster	jbrosterhw@cpanel.net	Female	247.59.165.9
646	Terra	Hothersall	thothersallhx@slashdot.org	Female	139.44.138.48
647	Sebastian	Windram	swindramhy@cisco.com	Male	8.238.69.111
648	Waly	Priscott	wpriscotthz@facebook.com	Female	231.121.241.108
649	Ellette	Robun	erobuni0@cornell.edu	Female	84.242.203.69
650	Glenda	Baggett	gbaggetti1@dropbox.com	Female	161.48.161.74
651	Kristoforo	Greensmith	kgreensmithi2@epa.gov	Male	210.201.129.118
652	Kelsi	Hunnawill	khunnawilli3@usatoday.com	Female	75.219.226.33
653	Philbert	Preist	ppreisti4@foxnews.com	Genderqueer	130.253.31.81
654	Hammad	Celes	hcelesi5@globo.com	Male	47.18.14.98
655	Mortimer	Feldhorn	mfeldhorni6@un.org	Male	236.141.201.245
656	Berny	Dobson	bdobsoni7@state.gov	Female	250.214.166.115
657	Isaac	Keune	ikeunei8@plala.or.jp	Male	15.21.110.93
658	Lissy	Alton	laltoni9@bigcartel.com	Female	226.63.231.111
659	Sherri	Antonomolii	santonomoliiia@youtu.be	Female	94.113.253.164
660	Adelice	Garrelts	agarreltsib@mashable.com	Female	220.231.246.52
661	Candra	Rigler	crigleric@virginia.edu	Female	69.253.121.113
662	Lurleen	Lashbrook	llashbrookid@va.gov	Female	142.145.145.123
663	Mark	Burnand	mburnandie@comsenz.com	Male	185.191.169.47
664	Magdalen	Elms	melmsif@wired.com	Female	10.135.55.87
665	Arni	Ebrall	aebrallig@economist.com	Male	105.105.1.5
666	Axe	Raddenbury	araddenburyih@jigsy.com	Male	42.250.99.116
667	Lou	Sheldrake	lsheldrakeii@amazon.de	Bigender	32.235.42.158
668	Sissie	Hartropp	shartroppij@usatoday.com	Female	85.174.168.27
669	Ynez	Sketh	yskethik@dmoz.org	Female	162.214.77.7
670	Jaimie	Wessel	jwesselil@mac.com	Female	250.37.145.10
671	Ealasaid	Morby	emorbyim@quantcast.com	Female	75.213.109.53
672	Suzy	Swarbrick	sswarbrickin@globo.com	Female	240.72.17.116
673	Glenine	Askew	gaskewio@google.es	Female	20.109.185.84
674	Berti	Heckney	bheckneyip@woothemes.com	Female	85.212.211.79
675	Keary	Kestian	kkestianiq@msn.com	Non-binary	252.228.118.10
676	Yard	Duckett	yduckettir@soup.io	Male	98.255.187.194
677	Frederich	McConway	fmcconwayis@yellowbook.com	Male	222.71.190.62
678	Ilka	Bowdrey	ibowdreyit@friendfeed.com	Female	110.202.194.79
679	Florie	Chaudret	fchaudretiu@slideshare.net	Female	65.173.25.2
680	Banky	Lardez	blardeziv@marketwatch.com	Male	164.138.253.208
681	Kimball	Gainsboro	kgainsboroiw@cdc.gov	Polygender	75.14.24.146
682	Augusta	Shirrell	ashirrellix@huffingtonpost.com	Female	236.18.103.66
683	Alix	Calcraft	acalcraftiy@shinystat.com	Male	132.89.117.160
684	Fernandina	Lunbech	flunbechiz@topsy.com	Female	115.58.146.115
685	Vivianne	Littlefield	vlittlefieldj0@china.com.cn	Female	232.49.183.222
686	Artus	Bourdon	abourdonj1@blogspot.com	Male	158.140.152.180
687	Erick	Robberecht	erobberechtj2@wunderground.com	Male	212.124.16.197
688	Lorant	Farlowe	lfarlowej3@devhub.com	Male	215.89.98.64
689	Amos	Dunnaway	adunnawayj4@barnesandnoble.com	Male	204.1.75.158
690	Cariotta	Breed	cbreedj5@cornell.edu	Female	58.142.116.226
691	Base	Chancelier	bchancelierj6@samsung.com	Male	136.190.212.235
692	Ruthie	Trustie	rtrustiej7@exblog.jp	Female	190.29.52.182
693	Leonelle	De Giovanni	ldegiovannij8@narod.ru	Female	170.145.106.103
694	Karlik	Henric	khenricj9@intel.com	Male	116.201.184.185
695	Jacky	Burchmore	jburchmoreja@nifty.com	Male	205.166.9.237
696	Pippa	Lozano	plozanojb@netvibes.com	Genderfluid	77.246.91.143
697	Nicolas	Phizakarley	nphizakarleyjc@indiegogo.com	Male	47.224.233.45
698	Heida	Pennacci	hpennaccijd@nhs.uk	Female	183.248.166.187
699	Zelma	Antoszewski	zantoszewskije@opensource.org	Female	129.229.136.4
700	Garrot	Mewburn	gmewburnjf@dion.ne.jp	Male	87.249.14.143
701	Vernon	Ogglebie	vogglebiejg@gnu.org	Male	190.58.223.226
702	Rochell	Pattenden	rpattendenjh@tripadvisor.com	Female	44.113.176.8
703	Gabey	Grier	ggrierji@google.com.hk	Female	181.205.49.171
704	Quentin	Grief	qgriefjj@reference.com	Female	177.98.52.177
705	Paulina	Dunton	pduntonjk@de.vu	Female	151.241.44.125
706	Jo	Pirnie	jpirniejl@etsy.com	Female	90.115.208.163
707	Vincents	Postlethwaite	vpostlethwaitejm@jigsy.com	Male	36.54.114.247
708	Viola	Dobble	vdobblejn@i2i.jp	Female	217.135.11.135
709	Raynor	McWhinnie	rmcwhinniejo@myspace.com	Male	12.54.63.184
710	Kittie	Latliff	klatliffjp@psu.edu	Female	25.103.187.252
711	Kermie	Georgescu	kgeorgescujq@techcrunch.com	Male	156.160.42.16
712	Brnaby	Raubenheimers	braubenheimersjr@geocities.jp	Male	126.89.150.154
713	Theressa	Gaudin	tgaudinjs@multiply.com	Female	143.199.74.210
714	Cthrine	Spilsbury	cspilsburyjt@virginia.edu	Female	132.255.38.144
715	Alene	Cantle	acantleju@wikipedia.org	Female	99.21.194.70
716	Reba	Millett	rmillettjv@google.pl	Female	19.60.63.26
717	Dew	Duffan	dduffanjw@ezinearticles.com	Male	196.70.198.82
718	Amabel	Henbury	ahenburyjx@merriam-webster.com	Female	214.42.237.161
719	Lura	Parnby	lparnbyjy@pcworld.com	Female	200.187.31.72
720	Rich	Beveridge	rbeveridgejz@opera.com	Male	216.67.95.37
721	Sella	Bracken	sbrackenk0@yahoo.co.jp	Female	141.1.202.120
722	Adrienne	Burnell	aburnellk1@friendfeed.com	Female	193.188.160.88
723	Lesley	Dudson	ldudsonk2@quantcast.com	Female	204.114.16.108
724	Arni	Teresi	ateresik3@spiegel.de	Male	252.29.227.1
725	Dominga	Mc Pake	dmcpakek4@xing.com	Female	237.152.114.254
726	Odetta	Garms	ogarmsk5@hc360.com	Female	248.74.183.126
727	Janis	Kilborn	jkilbornk6@google.co.uk	Non-binary	54.120.102.175
728	Harland	Luckings	hluckingsk7@google.pl	Male	15.239.79.201
729	Rachelle	Dono	rdonok8@intel.com	Female	247.74.145.50
730	Helga	Churches	hchurchesk9@netlog.com	Female	145.3.31.85
731	Erick	Buckell	ebuckellka@devhub.com	Male	172.155.209.170
732	Felix	Wearn	fwearnkb@exblog.jp	Male	52.2.169.80
733	Reta	Fetherston	rfetherstonkc@cocolog-nifty.com	Female	193.240.247.137
734	Britni	Shinfield	bshinfieldkd@google.nl	Female	137.38.147.31
735	Gilberte	Grooby	ggroobyke@squarespace.com	Female	9.252.245.201
736	Giffer	Durning	gdurningkf@squidoo.com	Male	229.22.28.190
737	Lauri	Tacey	ltaceykg@netvibes.com	Female	23.220.251.42
738	Karlotta	Audry	kaudrykh@mysql.com	Female	60.164.71.237
739	Grata	Kohring	gkohringki@ameblo.jp	Female	133.181.31.240
740	Ives	O'Tierney	iotierneykj@chicagotribune.com	Male	212.74.30.174
741	Candice	Garmon	cgarmonkk@vimeo.com	Female	227.6.25.89
742	Orville	McGettigan	omcgettigankl@oracle.com	Male	176.86.29.151
743	Alasdair	Lefeuvre	alefeuvrekm@omniture.com	Male	28.162.108.147
744	Sascha	Bolton	sboltonkn@blogs.com	Female	25.126.204.64
745	Elissa	McCrudden	emccruddenko@aboutads.info	Female	152.59.45.97
746	Avril	Konerding	akonerdingkp@youtube.com	Female	204.55.244.21
747	Christal	Giacomazzo	cgiacomazzokq@constantcontact.com	Female	34.234.151.31
748	Sutton	Pietrzak	spietrzakkr@bandcamp.com	Male	201.176.15.132
749	Esme	Frain	efrainks@cbc.ca	Bigender	114.74.150.238
750	Trix	Brion	tbrionkt@livejournal.com	Female	246.101.230.200
751	Smitty	Droghan	sdroghanku@usda.gov	Non-binary	85.179.100.236
752	Jade	Matous	jmatouskv@cyberchimps.com	Female	195.72.30.47
753	Roslyn	Perell	rperellkw@scientificamerican.com	Female	106.195.164.197
754	Bartel	Rudolf	brudolfkx@opensource.org	Male	42.131.201.31
755	Amy	Meacher	ameacherky@addtoany.com	Female	12.18.198.125
756	Pansy	Emmanueli	pemmanuelikz@aol.com	Female	208.233.111.126
757	Dorri	Woodfine	dwoodfinel0@delicious.com	Female	138.55.143.136
758	Fleming	Rohan	frohanl1@over-blog.com	Genderfluid	199.3.123.50
759	Doralin	Canacott	dcanacottl2@ycombinator.com	Female	157.22.184.64
760	Bibi	Cutress	bcutressl3@mail.ru	Genderfluid	114.198.177.88
761	Jessika	Normington	jnormingtonl4@apple.com	Female	100.84.18.207
762	Ortensia	Hanbury	ohanburyl5@wufoo.com	Female	22.32.84.24
763	Abagail	Hotson	ahotsonl6@icio.us	Female	195.186.173.25
764	Basil	Kenway	bkenwayl7@xing.com	Male	176.206.248.185
765	Theobald	Hobbing	thobbingl8@bbb.org	Male	151.23.220.14
766	Elvira	Inkles	einklesl9@topsy.com	Female	242.206.63.118
767	Kerrie	Jickles	kjicklesla@whitehouse.gov	Female	66.22.81.30
768	Ingaborg	Loveday	ilovedaylb@dagondesign.com	Female	144.141.251.219
769	Juliane	Langworthy	jlangworthylc@census.gov	Female	38.93.77.60
770	Hamnet	Lerner	hlernerld@harvard.edu	Non-binary	190.37.229.246
771	Hakim	Alenin	haleninle@house.gov	Male	73.204.101.118
772	Demetria	Leneham	dlenehamlf@google.ca	Female	179.70.87.243
773	Davidson	Kibblewhite	dkibblewhitelg@independent.co.uk	Male	154.101.17.91
774	Freddie	Faltin	ffaltinlh@free.fr	Polygender	165.43.39.223
775	Burr	Outram	boutramli@quantcast.com	Male	86.101.192.235
776	Everett	Grushin	egrushinlj@answers.com	Male	202.254.87.88
777	Urson	Maffione	umaffionelk@home.pl	Male	209.220.114.12
778	Biddy	Privost	bprivostll@mlb.com	Non-binary	34.103.56.144
779	Hale	Basey	hbaseylm@ucsd.edu	Male	44.155.233.57
780	Parsifal	Harrema	pharremaln@purevolume.com	Male	223.138.255.86
781	Suzann	McGreay	smcgreaylo@yale.edu	Female	150.44.210.77
782	Ephraim	Leyson	eleysonlp@csmonitor.com	Male	94.8.241.33
783	Pren	Haborn	phabornlq@dell.com	Male	214.31.30.189
784	Esther	Tincombe	etincombelr@oaic.gov.au	Female	241.212.196.93
785	Livia	Van den Velde	lvandenveldels@technorati.com	Female	85.82.241.166
786	Antony	Eastman	aeastmanlt@storify.com	Male	75.59.114.252
787	Brandtr	Ewbanck	bewbancklu@omniture.com	Male	102.91.47.238
788	Luce	Moline	lmolinelv@japanpost.jp	Female	83.42.105.234
789	Van	Levins	vlevinslw@huffingtonpost.com	Female	151.172.70.197
790	Klement	Suddock	ksuddocklx@cloudflare.com	Male	85.195.73.193
791	Holli	Whitsun	hwhitsunly@nifty.com	Female	67.150.199.39
792	Violante	Duffyn	vduffynlz@sphinn.com	Female	221.72.166.73
793	Vanna	Blaisdale	vblaisdalem0@techcrunch.com	Female	95.7.249.110
794	Sylvester	Darcy	sdarcym1@paypal.com	Male	96.133.124.78
795	Dori	Coombes	dcoombesm2@newsvine.com	Female	172.150.239.91
796	Roana	Kliemke	rkliemkem3@apache.org	Female	130.68.83.90
797	Rakel	Nettleship	rnettleshipm4@umich.edu	Genderfluid	61.159.240.84
798	Kristoforo	Bartunek	kbartunekm5@feedburner.com	Male	200.128.85.76
799	Hamlin	Tracy	htracym6@slideshare.net	Male	102.237.171.65
800	Jan	Balloch	jballochm7@twitter.com	Female	78.100.30.79
801	Alejandra	Brushneen	abrushneenm8@netvibes.com	Female	181.136.8.177
802	Randi	Goor	rgoorm9@phoca.cz	Male	172.73.29.136
803	Harrietta	Doerling	hdoerlingma@unc.edu	Female	22.229.176.145
804	Dell	Hew	dhewmb@github.com	Female	188.96.97.239
805	Shir	Codron	scodronmc@privacy.gov.au	Polygender	111.63.77.114
806	Willi	McElane	wmcelanemd@toplist.cz	Male	242.93.20.116
807	Serge	Kopman	skopmanme@bluehost.com	Male	82.139.46.209
808	Geno	Stringer	gstringermf@google.ca	Male	166.142.13.205
809	Warde	Weedenburg	wweedenburgmg@answers.com	Male	99.142.76.40
810	Boigie	Galloway	bgallowaymh@utexas.edu	Male	177.148.83.127
811	Rozina	Gallihawk	rgallihawkmi@theguardian.com	Female	30.63.97.243
812	Jock	Loalday	jloaldaymj@go.com	Male	184.141.198.73
813	Jayson	Martinello	jmartinellomk@csmonitor.com	Male	163.178.126.198
814	Allianora	Pridden	apriddenml@theglobeandmail.com	Female	200.93.126.213
815	Boris	Dessent	bdessentmm@sohu.com	Male	249.3.77.7
816	Bryon	Lenox	blenoxmn@friendfeed.com	Male	166.167.171.190
817	Reilly	De Biasio	rdebiasiomo@wufoo.com	Male	162.242.23.69
818	Hertha	Bamling	hbamlingmp@about.com	Female	145.114.49.51
819	Bax	Esbrook	besbrookmq@china.com.cn	Male	170.63.46.141
820	Boyd	Nealey	bnealeymr@utexas.edu	Male	245.115.215.36
821	Noam	Burridge	nburridgems@economist.com	Male	233.244.139.37
822	Allissa	Ferrandez	aferrandezmt@infoseek.co.jp	Female	214.103.87.53
823	Moritz	Halhead	mhalheadmu@nsw.gov.au	Male	79.233.111.144
824	Coral	Chellenham	cchellenhammv@hubpages.com	Female	91.162.21.59
825	Shalna	Branthwaite	sbranthwaitemw@reverbnation.com	Female	202.183.30.113
826	Cobby	Coffin	ccoffinmx@simplemachines.org	Male	183.67.129.2
827	Laurent	Kinnett	lkinnettmy@globo.com	Male	184.68.50.98
828	Sharona	des Remedios	sdesremediosmz@tiny.cc	Female	121.228.132.49
829	Dale	Dugall	ddugalln0@globo.com	Female	235.68.128.49
830	Boote	Lydden	blyddenn1@noaa.gov	Male	83.174.38.147
831	Gary	Pawley	gpawleyn2@cisco.com	Male	67.28.193.51
832	Jonie	Whytock	jwhytockn3@hexun.com	Female	95.31.223.222
833	Rozalie	Kilshall	rkilshalln4@ucla.edu	Female	59.98.198.80
834	Claire	Giffkins	cgiffkinsn5@spiegel.de	Male	243.42.196.237
835	West	Southon	wsouthonn6@cargocollective.com	Male	174.50.248.251
836	Ulrike	Danielsson	udanielssonn7@deliciousdays.com	Female	209.227.54.46
837	Beatriz	Rubury	bruburyn8@blogs.com	Female	3.60.170.111
838	Yurik	Hacker	yhackern9@va.gov	Male	193.142.91.79
839	Evelyn	Buckley	ebuckleyna@mozilla.com	Male	50.223.136.137
840	Kristofor	Tomasutti	ktomasuttinb@soundcloud.com	Male	206.194.62.240
841	Carter	Duffell	cduffellnc@barnesandnoble.com	Male	183.20.80.223
842	Jamill	Ferrier	jferriernd@xinhuanet.com	Male	96.233.216.44
843	Christiano	Henrys	chenrysne@epa.gov	Male	157.114.86.175
844	Wadsworth	Lauga	wlauganf@spotify.com	Genderfluid	84.160.130.247
845	Berny	Outridge	boutridgeng@1und1.de	Female	199.38.72.139
846	Cullan	Rigolle	crigollenh@artisteer.com	Male	42.202.172.238
847	Klaus	Lillford	klillfordni@comsenz.com	Male	199.60.128.225
848	Gordon	Burridge	gburridgenj@pcworld.com	Male	8.121.68.128
849	Dorrie	Gresham	dgreshamnk@jugem.jp	Genderfluid	141.196.86.249
850	Kleon	Tomaszynski	ktomaszynskinl@booking.com	Male	31.141.38.127
851	Tremayne	Hame	thamenm@google.co.jp	Male	118.132.11.228
852	Darb	Proschek	dproscheknn@privacy.gov.au	Female	221.253.130.241
853	Gianna	Balchin	gbalchinno@ca.gov	Female	122.195.100.85
854	Gerry	Stapleford	gstaplefordnp@nifty.com	Male	60.241.105.83
855	Patricio	Billo	pbillonq@wunderground.com	Male	255.65.158.218
856	Stephani	Bolduc	sbolducnr@unc.edu	Female	130.61.43.6
857	Abbot	Lampett	alampettns@gravatar.com	Male	234.92.116.82
858	Brett	Cahey	bcaheynt@bizjournals.com	Male	36.84.51.182
859	Maia	Teligin	mteliginnu@indiatimes.com	Female	92.217.180.54
860	Rafferty	Bridgland	rbridglandnv@hhs.gov	Male	190.165.210.227
861	Stacy	Di Dello	sdidellonw@last.fm	Female	228.124.149.201
862	Loren	Debold	ldeboldnx@ox.ac.uk	Male	174.9.38.74
863	Ninnette	Davidovic	ndavidovicny@macromedia.com	Female	167.103.35.124
864	Philippa	Caddick	pcaddicknz@harvard.edu	Female	22.200.72.5
865	Rakel	Marushak	rmarushako0@gravatar.com	Female	148.218.162.117
866	Colly	Gouda	cgoudao1@cnn.com	Female	184.192.20.146
867	Claiborne	De Carolis	cdecaroliso2@craigslist.org	Male	148.52.116.107
868	Rowan	O'Spillane	rospillaneo3@nsw.gov.au	Male	183.18.150.12
869	Gery	MacTague	gmactagueo4@illinois.edu	Male	45.134.79.156
870	Cathi	Mallam	cmallamo5@yellowpages.com	Genderfluid	222.8.31.106
871	Anna-diana	Wiltshaw	awiltshawo6@sitemeter.com	Female	83.60.173.180
872	Beitris	Limeburner	blimeburnero7@privacy.gov.au	Female	20.249.203.9
873	Carita	Andreacci	candreaccio8@nifty.com	Female	89.151.212.43
874	Ferris	Arnke	farnkeo9@goo.ne.jp	Male	23.197.62.81
875	Darren	Allgood	dallgoodoa@google.ca	Male	19.120.150.62
876	Conney	Vokins	cvokinsob@github.io	Male	97.37.222.118
877	Maximilianus	Fagence	mfagenceoc@rediff.com	Non-binary	109.20.183.187
878	Vinnie	Boullen	vboullenod@disqus.com	Male	121.160.51.64
879	Cherice	Trayte	ctrayteoe@trellian.com	Female	245.138.150.35
880	Pip	Kellar	pkellarof@bizjournals.com	Male	151.81.14.18
881	Hanny	Oldford	holdfordog@scientificamerican.com	Female	81.166.152.104
882	Georgeanna	Sirr	gsirroh@sourceforge.net	Female	190.85.119.55
883	Hendrick	Blofield	hblofieldoi@xrea.com	Male	87.234.69.159
884	Rodolph	Birchall	rbirchalloj@tinypic.com	Male	18.108.85.137
885	Ethelyn	Blumson	eblumsonok@sbwire.com	Female	191.30.46.70
886	Talbert	Sextie	tsextieol@so-net.ne.jp	Male	44.61.230.104
887	Nataline	Patterson	npattersonom@imgur.com	Female	97.114.61.216
888	Odele	Hoyte	ohoyteon@chron.com	Female	139.116.119.102
889	Brigham	Clipson	bclipsonoo@scribd.com	Male	157.247.50.6
890	Yuma	Dyne	ydyneop@bigcartel.com	Male	114.0.218.40
891	Davide	Ambrosini	dambrosinioq@ucsd.edu	Male	94.118.121.239
892	Bonnibelle	Catherick	bcatherickor@gov.uk	Female	54.88.241.244
893	Doralynne	Bartol	dbartolos@chron.com	Female	181.231.42.209
894	Kiersten	De Anesy	kdeanesyot@bloglovin.com	Genderqueer	6.228.230.209
895	Frederico	Mapstone	fmapstoneou@techcrunch.com	Male	180.52.211.173
896	Gabriello	Corkan	gcorkanov@illinois.edu	Male	202.73.122.117
897	Kippar	Marvelley	kmarvelleyow@ft.com	Male	113.244.85.54
898	Garrek	Dreng	gdrengox@techcrunch.com	Male	81.78.10.64
899	Callean	Spaight	cspaightoy@lycos.com	Male	63.147.154.227
900	Joycelin	Somerlie	jsomerlieoz@baidu.com	Female	118.65.224.177
901	Dniren	Strelitz	dstrelitzp0@cnn.com	Female	141.225.72.9
902	Howey	McMorran	hmcmorranp1@epa.gov	Male	34.201.96.196
903	Sherlocke	D'Oyly	sdoylyp2@printfriendly.com	Male	40.43.124.113
904	Claudelle	Greep	cgreepp3@t-online.de	Female	181.182.224.61
905	Winne	Trathen	wtrathenp4@independent.co.uk	Female	142.113.84.209
906	Viviene	Swinburne	vswinburnep5@epa.gov	Female	113.44.63.106
907	Addy	Harris	aharrisp6@newsvine.com	Male	141.16.30.21
908	Kenton	Purseglove	kpurseglovep7@php.net	Male	161.80.228.172
909	Frances	Banane	fbananep8@foxnews.com	Female	232.234.149.28
910	Mendie	Arnow	marnowp9@admin.ch	Male	19.104.145.79
911	Danielle	Spear	dspearpa@prnewswire.com	Female	63.31.134.83
912	Maressa	Kohlert	mkohlertpb@addthis.com	Female	157.150.82.23
913	Cull	Yeudall	cyeudallpc@free.fr	Male	142.196.42.98
914	Cyril	Ruskin	cruskinpd@reuters.com	Male	223.87.8.40
915	Lyssa	Memmory	lmemmorype@mac.com	Polygender	44.161.199.230
916	Terrye	Filby	tfilbypf@theatlantic.com	Female	74.10.218.61
917	Borg	Druitt	bdruittpg@dedecms.com	Male	4.220.185.177
918	Carolan	Shitliff	cshitliffph@merriam-webster.com	Female	149.170.177.216
919	Kerwin	Suggey	ksuggeypi@npr.org	Male	41.216.100.63
920	Starr	Lyste	slystepj@altervista.org	Female	87.15.233.157
921	Marianne	Brandes	mbrandespk@google.de	Female	38.205.236.202
922	Rosaline	Arkin	rarkinpl@cargocollective.com	Female	124.187.237.169
923	Tabbitha	Wolver	twolverpm@usgs.gov	Female	71.66.168.2
924	Boniface	Dureden	bduredenpn@soundcloud.com	Male	122.181.85.63
925	Hatty	Paute	hpautepo@bing.com	Female	52.84.69.179
926	Maridel	Pigeram	mpigerampp@xing.com	Female	221.220.151.22
927	Clayborn	Buzza	cbuzzapq@bigcartel.com	Male	146.31.253.41
928	Ransell	Rubinovitch	rrubinovitchpr@webeden.co.uk	Male	207.15.22.163
929	Muire	Rudham	mrudhamps@last.fm	Female	38.192.20.116
930	Hyatt	Tourner	htournerpt@unblog.fr	Bigender	5.36.120.133
931	Carlita	Marjot	cmarjotpu@wikispaces.com	Female	155.239.8.86
932	Beulah	Wallbanks	bwallbankspv@surveymonkey.com	Female	92.99.39.0
933	Krispin	Dominguez	kdominguezpw@pinterest.com	Male	20.213.12.210
934	Herman	Lockett	hlockettpx@apple.com	Male	16.186.179.49
935	Berte	Culshew	bculshewpy@etsy.com	Female	99.63.63.149
936	Kary	Tremonte	ktremontepz@multiply.com	Female	147.131.230.157
937	Smith	Raw	srawq0@altervista.org	Male	184.211.28.164
938	Aurelie	Biernat	abiernatq1@newyorker.com	Female	112.23.230.240
939	Opaline	Dukesbury	odukesburyq2@jimdo.com	Female	49.57.186.198
940	Thorn	Cason	tcasonq3@cloudflare.com	Male	138.61.145.203
941	Maurizia	Chellam	mchellamq4@nationalgeographic.com	Female	46.64.44.83
942	Charlena	Farnie	cfarnieq5@ftc.gov	Agender	42.124.70.128
943	Adella	Buttle	abuttleq6@yellowpages.com	Female	97.18.199.101
944	Jemie	Ninnoli	jninnoliq7@creativecommons.org	Female	71.144.245.26
945	Merle	Fierro	mfierroq8@phoca.cz	Male	255.57.199.40
946	Brennan	Rankling	branklingq9@mac.com	Non-binary	225.190.23.78
947	Fredra	Talkington	ftalkingtonqa@aol.com	Female	40.141.223.248
948	Andres	Barlthrop	abarlthropqb@istockphoto.com	Male	245.206.193.221
949	Cari	Burnard	cburnardqc@theguardian.com	Non-binary	185.182.127.56
950	Delila	Batchelor	dbatchelorqd@over-blog.com	Female	1.127.92.47
951	Jen	Abdon	jabdonqe@purevolume.com	Female	188.49.254.216
952	Kamila	Spondley	kspondleyqf@blogs.com	Female	63.64.118.101
953	Brandyn	McPake	bmcpakeqg@furl.net	Male	237.135.97.25
954	Yasmeen	Eilhermann	yeilhermannqh@washington.edu	Female	2.148.1.236
955	Dulcine	Boulde	dbouldeqi@fotki.com	Female	51.94.34.161
956	Geri	Olech	golechqj@domainmarket.com	Male	86.200.182.138
957	Rivkah	Sylvester	rsylvesterqk@wordpress.com	Female	244.239.100.223
958	Haroun	Luther	hlutherql@desdev.cn	Genderqueer	233.238.119.49
959	Claudette	Konerding	ckonerdingqm@unesco.org	Female	138.89.178.89
960	Ariel	Cleyne	acleyneqn@amazon.co.jp	Agender	153.187.172.113
961	Stace	Prandin	sprandinqo@msu.edu	Female	232.193.168.193
962	Annadiana	Baysting	abaystingqp@tmall.com	Genderqueer	67.141.29.162
963	Rolando	Torrecilla	rtorrecillaqq@discuz.net	Male	70.218.33.152
964	Wileen	Maberley	wmaberleyqr@nsw.gov.au	Female	34.169.110.35
965	Dukie	MacArthur	dmacarthurqs@printfriendly.com	Male	73.149.24.52
966	Aimil	Fransson	afranssonqt@weather.com	Female	5.69.62.151
967	Sharleen	Cholomin	scholominqu@unesco.org	Female	87.123.221.94
968	Olivier	Newarte	onewarteqv@tamu.edu	Non-binary	17.29.38.73
969	Abeu	Sollam	asollamqw@chron.com	Male	46.75.65.9
970	Laurie	Burnet	lburnetqx@abc.net.au	Bigender	254.176.193.196
971	Sharyl	Headford	sheadfordqy@sitemeter.com	Female	52.229.231.49
972	Baily	Zimmermeister	bzimmermeisterqz@wisc.edu	Male	165.37.221.235
973	Felix	Batistelli	fbatistellir0@acquirethisname.com	Male	252.172.58.49
974	Marie-ann	Meynell	mmeynellr1@tripadvisor.com	Female	134.35.28.106
975	Marti	Falls	mfallsr2@loc.gov	Female	178.62.138.91
976	Gene	Grinstead	ggrinsteadr3@tumblr.com	Male	254.54.213.133
977	Austin	Farington	afaringtonr4@canalblog.com	Genderfluid	30.91.254.206
978	Skylar	Oaten	soatenr5@jiathis.com	Male	124.166.13.18
979	Dasi	Lillford	dlillfordr6@epa.gov	Female	143.221.34.3
980	Freda	Urien	furienr7@twitpic.com	Female	103.159.71.45
981	Corabella	Sirman	csirmanr8@addthis.com	Female	151.171.136.60
982	Hal	Levens	hlevensr9@drupal.org	Male	31.142.92.187
983	Ulric	Leverage	uleveragera@canalblog.com	Male	144.163.62.221
984	Silva	Viger	svigerrb@w3.org	Female	78.73.179.174
985	Fernande	Adds	faddsrc@toplist.cz	Female	164.44.220.134
986	Baxie	Minihane	bminihanerd@ovh.net	Male	17.121.205.199
987	Dominique	Tidey	dtideyre@goodreads.com	Female	175.124.74.230
988	Patrizia	Kohnemann	pkohnemannrf@google.de	Female	240.238.166.154
989	Alfi	Appleby	aapplebyrg@tinyurl.com	Female	20.163.114.6
990	Dante	Bagnell	dbagnellrh@t-online.de	Male	125.138.95.155
991	Klaus	Baroche	kbarocheri@tamu.edu	Male	222.27.1.5
992	Brit	Logsdale	blogsdalerj@mit.edu	Male	34.230.99.183
993	Arni	Gilbey	agilbeyrk@yolasite.com	Non-binary	91.195.214.1
994	Katee	Levinge	klevingerl@ustream.tv	Female	152.183.129.226
995	Christiano	Le Pruvost	clepruvostrm@go.com	Non-binary	179.56.182.174
996	Violet	Kornes	vkornesrn@taobao.com	Female	166.167.214.139
997	Antonetta	Hanington	ahaningtonro@google.de	Female	139.158.44.248
998	Edy	Ceaser	eceaserrp@instagram.com	Female	95.140.193.157
999	Albertina	Aldersea	aaldersearq@php.net	Female	27.213.150.222
1000	Britt	Fattorini	bfattorinirr@nsw.gov.au	Male	66.14.140.210
